idx,muni_code,muni_name,pref_name
0,01101,札幌市中央区,北海道
1,01102,札幌市北区,北海道
2,01103,札幌市東区,北海道
3,01104,札幌市白石区,北海道
4,01105,札幌市豊平区,北海道
5,01106,札幌市南区,北海道
6,01107,札幌市西区,北海道
7,01108,札幌市厚別区,北海道
8,01109,札幌市手稲区,北海道
9,01110,札幌市清田区,北海道
10,01202,函館市,北海道
11,01203,小樽市,北海道
12,01204,旭川市,北海道
13,01205,室蘭市,北海道
14,01206,釧路市,北海道
15,01207,帯広市,北海道
16,01208,北見市,北海道
17,01209,夕張市,北海道
18,01210,岩見沢市,北海道
19,01211,網走市,北海道
20,01212,留萌市,北海道
21,01213,苫小牧市,北海道
22,01214,稚内市,北海道
23,01215,美唄市,北海道
24,01216,芦別市,北海道
25,01217,江別市,北海道
26,01218,赤平市,北海道
27,01219,紋別市,北海道
28,01220,士別市,北海道
29,01221,名寄市,北海道
30,01222,三笠市,北海道
31,01223,根室市,北海道
32,01224,千歳市,北海道
33,01225,滝川市,北海道
34,01226,砂川市,北海道
35,01227,歌志内市,北海道
36,01228,深川市,北海道
37,01229,富良野市,北海道
38,01230,登別市,北海道
39,01231,恵庭市,北海道
40,01233,伊達市,北海道
41,01234,北広島市,北海道
42,01235,石狩市,北海道
43,01236,北斗市,北海道
44,01303,当別町,北海道
45,01304,新篠津村,北海道
46,01331,松前町,北海道
47,01332,福島町,北海道
48,01333,知内町,北海道
49,01334,木古内町,北海道
50,01337,七飯町,北海道
51,01343,鹿部町,北海道
52,01345,森町,北海道
53,01346,八雲町,北海道
54,01347,長万部町,北海道
55,01361,江差町,北海道
56,01362,上ノ国町,北海道
57,01363,厚沢部町,北海道
58,01364,乙部町,北海道
59,01367,奥尻町,北海道
60,01370,今金町,北海道
61,01371,せたな町,北海道
62,01391,島牧村,北海道
63,01392,寿都町,北海道
64,01393,黒松内町,北海道
65,01394,蘭越町,北海道
66,01395,ニセコ町,北海道
67,01396,真狩村,北海道
68,01397,留寿都村,北海道
69,01398,喜茂別町,北海道
70,01399,京極町,北海道
71,01400,倶知安町,北海道
72,01401,共和町,北海道
73,01402,岩内町,北海道
74,01403,泊村,北海道
75,01404,神恵内村,北海道
76,01405,積丹町,北海道
77,01406,古平町,北海道
78,01407,仁木町,北海道
79,01408,余市町,北海道
80,01409,赤井川村,北海道
81,01423,南幌町,北海道
82,01424,奈井江町,北海道
83,01425,上砂川町,北海道
84,01427,由仁町,北海道
85,01428,長沼町,北海道
86,01429,栗山町,北海道
87,01430,月形町,北海道
88,01431,浦臼町,北海道
89,01432,新十津川町,北海道
90,01433,妹背牛町,北海道
91,01434,秩父別町,北海道
92,01436,雨竜町,北海道
93,01437,北竜町,北海道
94,01438,沼田町,北海道
95,01452,鷹栖町,北海道
96,01453,東神楽町,北海道
97,01454,当麻町,北海道
98,01455,比布町,北海道
99,01456,愛別町,北海道
100,01457,上川町,北海道
101,01458,東川町,北海道
102,01459,美瑛町,北海道
103,01460,上富良野町,北海道
104,01461,中富良野町,北海道
105,01462,南富良野町,北海道
106,01463,占冠村,北海道
107,01464,和寒町,北海道
108,01465,剣淵町,北海道
109,01468,下川町,北海道
110,01469,美深町,北海道
111,01470,音威子府村,北海道
112,01471,中川町,北海道
113,01472,幌加内町,北海道
114,01481,増毛町,北海道
115,01482,小平町,北海道
116,01483,苫前町,北海道
117,01484,羽幌町,北海道
118,01485,初山別村,北海道
119,01486,遠別町,北海道
120,01487,天塩町,北海道
121,01511,猿払村,北海道
122,01512,浜頓別町,北海道
123,01513,中頓別町,北海道
124,01514,枝幸町,北海道
125,01516,豊富町,北海道
126,01517,礼文町,北海道
127,01518,利尻町,北海道
128,01519,利尻富士町,北海道
129,01520,幌延町,北海道
130,01543,美幌町,北海道
131,01544,津別町,北海道
132,01545,斜里町,北海道
133,01546,清里町,北海道
134,01547,小清水町,北海道
135,01549,訓子府町,北海道
136,01550,置戸町,北海道
137,01552,佐呂間町,北海道
138,01555,遠軽町,北海道
139,01559,湧別町,北海道
140,01560,滝上町,北海道
141,01561,興部町,北海道
142,01562,西興部村,北海道
143,01563,雄武町,北海道
144,01564,大空町,北海道
145,01571,豊浦町,北海道
146,01575,壮瞥町,北海道
147,01578,白老町,北海道
148,01581,厚真町,北海道
149,01584,洞爺湖町,北海道
150,01585,安平町,北海道
151,01586,むかわ町,北海道
152,01601,日高町,北海道
153,01602,平取町,北海道
154,01604,新冠町,北海道
155,01607,浦河町,北海道
156,01608,様似町,北海道
157,01609,えりも町,北海道
158,01610,新ひだか町,北海道
159,01631,音更町,北海道
160,01632,士幌町,北海道
161,01633,上士幌町,北海道
162,01634,鹿追町,北海道
163,01635,新得町,北海道
164,01636,清水町,北海道
165,01637,芽室町,北海道
166,01638,中札内村,北海道
167,01639,更別村,北海道
168,01641,大樹町,北海道
169,01642,広尾町,北海道
170,01643,幕別町,北海道
171,01644,池田町,北海道
172,01645,豊頃町,北海道
173,01646,本別町,北海道
174,01647,足寄町,北海道
175,01648,陸別町,北海道
176,01649,浦幌町,北海道
177,01661,釧路町,北海道
178,01662,厚岸町,北海道
179,01663,浜中町,北海道
180,01664,標茶町,北海道
181,01665,弟子屈町,北海道
182,01667,鶴居村,北海道
183,01668,白糠町,北海道
184,01691,別海町,北海道
185,01692,中標津町,北海道
186,01693,標津町,北海道
187,01694,羅臼町,北海道
188,01695,色丹村,北海道
189,01696,泊村,北海道
190,01697,留夜別村,北海道
191,01698,留別村,北海道
192,01699,紗那村,北海道
193,01700,蘂取村,北海道
194,02201,青森市,青森県
195,02202,弘前市,青森県
196,02203,八戸市,青森県
197,02204,黒石市,青森県
198,02205,五所川原市,青森県
199,02206,十和田市,青森県
200,02207,三沢市,青森県
201,02208,むつ市,青森県
202,02209,つがる市,青森県
203,02210,平川市,青森県
204,02301,平内町,青森県
205,02303,今別町,青森県
206,02304,蓬田村,青森県
207,02307,外ヶ浜町,青森県
208,02321,鰺ヶ沢町,青森県
209,02323,深浦町,青森県
210,02343,西目屋村,青森県
211,02361,藤崎町,青森県
212,02362,大鰐町,青森県
213,02367,田舎館村,青森県
214,02381,板柳町,青森県
215,02384,鶴田町,青森県
216,02387,中泊町,青森県
217,02401,野辺地町,青森県
218,02402,七戸町,青森県
219,02405,六戸町,青森県
220,02406,横浜町,青森県
221,02408,東北町,青森県
222,02411,六ヶ所村,青森県
223,02412,おいらせ町,青森県
224,02423,大間町,青森県
225,02424,東通村,青森県
226,02425,風間浦村,青森県
227,02426,佐井村,青森県
228,02441,三戸町,青森県
229,02442,五戸町,青森県
230,02443,田子町,青森県
231,02445,南部町,青森県
232,02446,階上町,青森県
233,02450,新郷村,青森県
234,03201,盛岡市,岩手県
235,03202,宮古市,岩手県
236,03203,大船渡市,岩手県
237,03205,花巻市,岩手県
238,03206,北上市,岩手県
239,03207,久慈市,岩手県
240,03208,遠野市,岩手県
241,03209,一関市,岩手県
242,03210,陸前高田市,岩手県
243,03211,釜石市,岩手県
244,03213,二戸市,岩手県
245,03214,八幡平市,岩手県
246,03215,奥州市,岩手県
247,03216,滝沢市,岩手県
248,03301,雫石町,岩手県
249,03302,葛巻町,岩手県
250,03303,岩手町,岩手県
251,03321,紫波町,岩手県
252,03322,矢巾町,岩手県
253,03366,西和賀町,岩手県
254,03381,金ケ崎町,岩手県
255,03402,平泉町,岩手県
256,03441,住田町,岩手県
257,03461,大槌町,岩手県
258,03482,山田町,岩手県
259,03483,岩泉町,岩手県
260,03484,田野畑村,岩手県
261,03485,普代村,岩手県
262,03501,軽米町,岩手県
263,03503,野田村,岩手県
264,03506,九戸村,岩手県
265,03507,洋野町,岩手県
266,03524,一戸町,岩手県
267,04101,仙台市青葉区,宮城県
268,04102,仙台市宮城野区,宮城県
269,04103,仙台市若林区,宮城県
270,04104,仙台市太白区,宮城県
271,04105,仙台市泉区,宮城県
272,04202,石巻市,宮城県
273,04203,塩竈市,宮城県
274,04205,気仙沼市,宮城県
275,04206,白石市,宮城県
276,04207,名取市,宮城県
277,04208,角田市,宮城県
278,04209,多賀城市,宮城県
279,04211,岩沼市,宮城県
280,04212,登米市,宮城県
281,04213,栗原市,宮城県
282,04214,東松島市,宮城県
283,04215,大崎市,宮城県
284,04216,富谷市,宮城県
285,04301,蔵王町,宮城県
286,04302,七ヶ宿町,宮城県
287,04321,大河原町,宮城県
288,04322,村田町,宮城県
289,04323,柴田町,宮城県
290,04324,川崎町,宮城県
291,04341,丸森町,宮城県
292,04361,亘理町,宮城県
293,04362,山元町,宮城県
294,04401,松島町,宮城県
295,04404,七ヶ浜町,宮城県
296,04406,利府町,宮城県
297,04421,大和町,宮城県
298,04422,大郷町,宮城県
299,04424,大衡村,宮城県
300,04444,色麻町,宮城県
301,04445,加美町,宮城県
302,04501,涌谷町,宮城県
303,04505,美里町,宮城県
304,04581,女川町,宮城県
305,04606,南三陸町,宮城県
306,05201,秋田市,秋田県
307,05202,能代市,秋田県
308,05203,横手市,秋田県
309,05204,大館市,秋田県
310,05206,男鹿市,秋田県
311,05207,湯沢市,秋田県
312,05209,鹿角市,秋田県
313,05210,由利本荘市,秋田県
314,05211,潟上市,秋田県
315,05212,大仙市,秋田県
316,05213,北秋田市,秋田県
317,05214,にかほ市,秋田県
318,05215,仙北市,秋田県
319,05303,小坂町,秋田県
320,05327,上小阿仁村,秋田県
321,05346,藤里町,秋田県
322,05348,三種町,秋田県
323,05349,八峰町,秋田県
324,05361,五城目町,秋田県
325,05363,八郎潟町,秋田県
326,05366,井川町,秋田県
327,05368,大潟村,秋田県
328,05434,美郷町,秋田県
329,05463,羽後町,秋田県
330,05464,東成瀬村,秋田県
331,06201,山形市,山形県
332,06202,米沢市,山形県
333,06203,鶴岡市,山形県
334,06204,酒田市,山形県
335,06205,新庄市,山形県
336,06206,寒河江市,山形県
337,06207,上山市,山形県
338,06208,村山市,山形県
339,06209,長井市,山形県
340,06210,天童市,山形県
341,06211,東根市,山形県
342,06212,尾花沢市,山形県
343,06213,南陽市,山形県
344,06301,山辺町,山形県
345,06302,中山町,山形県
346,06321,河北町,山形県
347,06322,西川町,山形県
348,06323,朝日町,山形県
349,06324,大江町,山形県
350,06341,大石田町,山形県
351,06361,金山町,山形県
352,06362,最上町,山形県
353,06363,舟形町,山形県
354,06364,真室川町,山形県
355,06365,大蔵村,山形県
356,06366,鮭川村,山形県
357,06367,戸沢村,山形県
358,06381,高畠町,山形県
359,06382,川西町,山形県
360,06401,小国町,山形県
361,06402,白鷹町,山形県
362,06403,飯豊町,山形県
363,06426,三川町,山形県
364,06428,庄内町,山形県
365,06461,遊佐町,山形県
366,07201,福島市,福島県
367,07202,会津若松市,福島県
368,07203,郡山市,福島県
369,07204,いわき市,福島県
370,07205,白河市,福島県
371,07207,須賀川市,福島県
372,07208,喜多方市,福島県
373,07209,相馬市,福島県
374,07210,二本松市,福島県
375,07211,田村市,福島県
376,07212,南相馬市,福島県
377,07213,伊達市,福島県
378,07214,本宮市,福島県
379,07301,桑折町,福島県
380,07303,国見町,福島県
381,07308,川俣町,福島県
382,07322,大玉村,福島県
383,07342,鏡石町,福島県
384,07344,天栄村,福島県
385,07362,下郷町,福島県
386,07364,檜枝岐村,福島県
387,07367,只見町,福島県
388,07368,南会津町,福島県
389,07402,北塩原村,福島県
390,07405,西会津町,福島県
391,07407,磐梯町,福島県
392,07408,猪苗代町,福島県
393,07421,会津坂下町,福島県
394,07422,湯川村,福島県
395,07423,柳津町,福島県
396,07444,三島町,福島県
397,07445,金山町,福島県
398,07446,昭和村,福島県
399,07447,会津美里町,福島県
400,07461,西郷村,福島県
401,07464,泉崎村,福島県
402,07465,中島村,福島県
403,07466,矢吹町,福島県
404,07481,棚倉町,福島県
405,07482,矢祭町,福島県
406,07483,塙町,福島県
407,07484,鮫川村,福島県
408,07501,石川町,福島県
409,07502,玉川村,福島県
410,07503,平田村,福島県
411,07504,浅川町,福島県
412,07505,古殿町,福島県
413,07521,三春町,福島県
414,07522,小野町,福島県
415,07541,広野町,福島県
416,07542,楢葉町,福島県
417,07543,富岡町,福島県
418,07544,川内村,福島県
419,07545,大熊町,福島県
420,07546,双葉町,福島県
421,07547,浪江町,福島県
422,07548,葛尾村,福島県
423,07561,新地町,福島県
424,07564,飯舘村,福島県
425,08201,水戸市,茨城県
426,08202,日立市,茨城県
427,08203,土浦市,茨城県
428,08204,古河市,茨城県
429,08205,石岡市,茨城県
430,08207,結城市,茨城県
431,08208,龍ケ崎市,茨城県
432,08210,下妻市,茨城県
433,08211,常総市,茨城県
434,08212,常陸太田市,茨城県
435,08214,高萩市,茨城県
436,08215,北茨城市,茨城県
437,08216,笠間市,茨城県
438,08217,取手市,茨城県
439,08219,牛久市,茨城県
440,08220,つくば市,茨城県
441,08221,ひたちなか市,茨城県
442,08222,鹿嶋市,茨城県
443,08223,潮来市,茨城県
444,08224,守谷市,茨城県
445,08225,常陸大宮市,茨城県
446,08226,那珂市,茨城県
447,08227,筑西市,茨城県
448,08228,坂東市,茨城県
449,08229,稲敷市,茨城県
450,08230,かすみがうら市,茨城県
451,08231,桜川市,茨城県
452,08232,神栖市,茨城県
453,08233,行方市,茨城県
454,08234,鉾田市,茨城県
455,08235,つくばみらい市,茨城県
456,08236,小美玉市,茨城県
457,08302,茨城町,茨城県
458,08309,大洗町,茨城県
459,08310,城里町,茨城県
460,08341,東海村,茨城県
461,08364,大子町,茨城県
462,08442,美浦村,茨城県
463,08443,阿見町,茨城県
464,08447,河内町,茨城県
465,08521,八千代町,茨城県
466,08542,五霞町,茨城県
467,08546,境町,茨城県
468,08564,利根町,茨城県
469,09201,宇都宮市,栃木県
470,09202,足利市,栃木県
471,09203,栃木市,栃木県
472,09204,佐野市,栃木県
473,09205,鹿沼市,栃木県
474,09206,日光市,栃木県
475,09208,小山市,栃木県
476,09209,真岡市,栃木県
477,09210,大田原市,栃木県
478,09211,矢板市,栃木県
479,09213,那須塩原市,栃木県
480,09214,さくら市,栃木県
481,09215,那須烏山市,栃木県
482,09216,下野市,栃木県
483,09301,上三川町,栃木県
484,09342,益子町,栃木県
485,09343,茂木町,栃木県
486,09344,市貝町,栃木県
487,09345,芳賀町,栃木県
488,09361,壬生町,栃木県
489,09364,野木町,栃木県
490,09384,塩谷町,栃木県
491,09386,高根沢町,栃木県
492,09407,那須町,栃木県
493,09411,那珂川町,栃木県
494,10201,前橋市,群馬県
495,10202,高崎市,群馬県
496,10203,桐生市,群馬県
497,10204,伊勢崎市,群馬県
498,10205,太田市,群馬県
499,10206,沼田市,群馬県
500,10207,館林市,群馬県
501,10208,渋川市,群馬県
502,10209,藤岡市,群馬県
503,10210,富岡市,群馬県
504,10211,安中市,群馬県
505,10212,みどり市,群馬県
506,10344,榛東村,群馬県
507,10345,吉岡町,群馬県
508,10366,上野村,群馬県
509,10367,神流町,群馬県
510,10382,下仁田町,群馬県
511,10383,南牧村,群馬県
512,10384,甘楽町,群馬県
513,10421,中之条町,群馬県
514,10424,長野原町,群馬県
515,10425,嬬恋村,群馬県
516,10426,草津町,群馬県
517,10428,高山村,群馬県
518,10429,東吾妻町,群馬県
519,10443,片品村,群馬県
520,10444,川場村,群馬県
521,10448,昭和村,群馬県
522,10449,みなかみ町,群馬県
523,10464,玉村町,群馬県
524,10521,板倉町,群馬県
525,10522,明和町,群馬県
526,10523,千代田町,群馬県
527,10524,大泉町,群馬県
528,10525,邑楽町,群馬県
529,11101,さいたま市西区,埼玉県
530,11102,さいたま市北区,埼玉県
531,11103,さいたま市大宮区,埼玉県
532,11104,さいたま市見沼区,埼玉県
533,11105,さいたま市中央区,埼玉県
534,11106,さいたま市桜区,埼玉県
535,11107,さいたま市浦和区,埼玉県
536,11108,さいたま市南区,埼玉県
537,11109,さいたま市緑区,埼玉県
538,11110,さいたま市岩槻区,埼玉県
539,11201,川越市,埼玉県
540,11202,熊谷市,埼玉県
541,11203,川口市,埼玉県
542,11206,行田市,埼玉県
543,11207,秩父市,埼玉県
544,11208,所沢市,埼玉県
545,11209,飯能市,埼玉県
546,11210,加須市,埼玉県
547,11211,本庄市,埼玉県
548,11212,東松山市,埼玉県
549,11214,春日部市,埼玉県
550,11215,狭山市,埼玉県
551,11216,羽生市,埼玉県
552,11217,鴻巣市,埼玉県
553,11218,深谷市,埼玉県
554,11219,上尾市,埼玉県
555,11221,草加市,埼玉県
556,11222,越谷市,埼玉県
557,11223,蕨市,埼玉県
558,11224,戸田市,埼玉県
559,11225,入間市,埼玉県
560,11227,朝霞市,埼玉県
561,11228,志木市,埼玉県
562,11229,和光市,埼玉県
563,11230,新座市,埼玉県
564,11231,桶川市,埼玉県
565,11232,久喜市,埼玉県
566,11233,北本市,埼玉県
567,11234,八潮市,埼玉県
568,11235,富士見市,埼玉県
569,11237,三郷市,埼玉県
570,11238,蓮田市,埼玉県
571,11239,坂戸市,埼玉県
572,11240,幸手市,埼玉県
573,11241,鶴ヶ島市,埼玉県
574,11242,日高市,埼玉県
575,11243,吉川市,埼玉県
576,11245,ふじみ野市,埼玉県
577,11246,白岡市,埼玉県
578,11301,伊奈町,埼玉県
579,11324,三芳町,埼玉県
580,11326,毛呂山町,埼玉県
581,11327,越生町,埼玉県
582,11341,滑川町,埼玉県
583,11342,嵐山町,埼玉県
584,11343,小川町,埼玉県
585,11346,川島町,埼玉県
586,11347,吉見町,埼玉県
587,11348,鳩山町,埼玉県
588,11349,ときがわ町,埼玉県
589,11361,横瀬町,埼玉県
590,11362,皆野町,埼玉県
591,11363,長瀞町,埼玉県
592,11365,小鹿野町,埼玉県
593,11369,東秩父村,埼玉県
594,11381,美里町,埼玉県
595,11383,神川町,埼玉県
596,11385,上里町,埼玉県
597,11408,寄居町,埼玉県
598,11442,宮代町,埼玉県
599,11464,杉戸町,埼玉県
600,11465,松伏町,埼玉県
601,12000,所属未定地,千葉県
602,12101,千葉市中央区,千葉県
603,12102,千葉市花見川区,千葉県
604,12103,千葉市稲毛区,千葉県
605,12104,千葉市若葉区,千葉県
606,12105,千葉市緑区,千葉県
607,12106,千葉市美浜区,千葉県
608,12202,銚子市,千葉県
609,12203,市川市,千葉県
610,12204,船橋市,千葉県
611,12205,館山市,千葉県
612,12206,木更津市,千葉県
613,12207,松戸市,千葉県
614,12208,野田市,千葉県
615,12210,茂原市,千葉県
616,12211,成田市,千葉県
617,12212,佐倉市,千葉県
618,12213,東金市,千葉県
619,12215,旭市,千葉県
620,12216,習志野市,千葉県
621,12217,柏市,千葉県
622,12218,勝浦市,千葉県
623,12219,市原市,千葉県
624,12220,流山市,千葉県
625,12221,八千代市,千葉県
626,12222,我孫子市,千葉県
627,12223,鴨川市,千葉県
628,12224,鎌ケ谷市,千葉県
629,12225,君津市,千葉県
630,12226,富津市,千葉県
631,12227,浦安市,千葉県
632,12228,四街道市,千葉県
633,12229,袖ケ浦市,千葉県
634,12230,八街市,千葉県
635,12231,印西市,千葉県
636,12232,白井市,千葉県
637,12233,富里市,千葉県
638,12234,南房総市,千葉県
639,12235,匝瑳市,千葉県
640,12236,香取市,千葉県
641,12237,山武市,千葉県
642,12238,いすみ市,千葉県
643,12239,大網白里市,千葉県
644,12322,酒々井町,千葉県
645,12329,栄町,千葉県
646,12342,神崎町,千葉県
647,12347,多古町,千葉県
648,12349,東庄町,千葉県
649,12403,九十九里町,千葉県
650,12409,芝山町,千葉県
651,12410,横芝光町,千葉県
652,12421,一宮町,千葉県
653,12422,睦沢町,千葉県
654,12423,長生村,千葉県
655,12424,白子町,千葉県
656,12426,長柄町,千葉県
657,12427,長南町,千葉県
658,12441,大多喜町,千葉県
659,12443,御宿町,千葉県
660,12463,鋸南町,千葉県
661,13000,所属未定地,東京都
662,13101,千代田区,東京都
663,13102,中央区,東京都
664,13103,港区,東京都
665,13104,新宿区,東京都
666,13105,文京区,東京都
667,13106,台東区,東京都
668,13107,墨田区,東京都
669,13108,江東区,東京都
670,13109,品川区,東京都
671,13110,目黒区,東京都
672,13111,大田区,東京都
673,13112,世田谷区,東京都
674,13113,渋谷区,東京都
675,13114,中野区,東京都
676,13115,杉並区,東京都
677,13116,豊島区,東京都
678,13117,北区,東京都
679,13118,荒川区,東京都
680,13119,板橋区,東京都
681,13120,練馬区,東京都
682,13121,足立区,東京都
683,13122,葛飾区,東京都
684,13123,江戸川区,東京都
685,13201,八王子市,東京都
686,13202,立川市,東京都
687,13203,武蔵野市,東京都
688,13204,三鷹市,東京都
689,13205,青梅市,東京都
690,13206,府中市,東京都
691,13207,昭島市,東京都
692,13208,調布市,東京都
693,13209,町田市,東京都
694,13210,小金井市,東京都
695,13211,小平市,東京都
696,13212,日野市,東京都
697,13213,東村山市,東京都
698,13214,国分寺市,東京都
699,13215,国立市,東京都
700,13218,福生市,東京都
701,13219,狛江市,東京都
702,13220,東大和市,東京都
703,13221,清瀬市,東京都
704,13222,東久留米市,東京都
705,13223,武蔵村山市,東京都
706,13224,多摩市,東京都
707,13225,稲城市,東京都
708,13227,羽村市,東京都
709,13228,あきる野市,東京都
710,13229,西東京市,東京都
711,13303,瑞穂町,東京都
712,13305,日の出町,東京都
713,13307,檜原村,東京都
714,13308,奥多摩町,東京都
715,13361,大島町,東京都
716,13362,利島村,東京都
717,13363,新島村,東京都
718,13364,神津島村,東京都
719,13381,三宅村,東京都
720,13382,御蔵島村,東京都
721,13401,八丈町,東京都
722,13402,青ヶ島村,東京都
723,13421,小笠原村,東京都
724,14101,横浜市鶴見区,神奈川県
725,14102,横浜市神奈川区,神奈川県
726,14103,横浜市西区,神奈川県
727,14104,横浜市中区,神奈川県
728,14105,横浜市南区,神奈川県
729,14106,横浜市保土ケ谷区,神奈川県
730,14107,横浜市磯子区,神奈川県
731,14108,横浜市金沢区,神奈川県
732,14109,横浜市港北区,神奈川県
733,14110,横浜市戸塚区,神奈川県
734,14111,横浜市港南区,神奈川県
735,14112,横浜市旭区,神奈川県
736,14113,横浜市緑区,神奈川県
737,14114,横浜市瀬谷区,神奈川県
738,14115,横浜市栄区,神奈川県
739,14116,横浜市泉区,神奈川県
740,14117,横浜市青葉区,神奈川県
741,14118,横浜市都筑区,神奈川県
742,14131,川崎市川崎区,神奈川県
743,14132,川崎市幸区,神奈川県
744,14133,川崎市中原区,神奈川県
745,14134,川崎市高津区,神奈川県
746,14135,川崎市多摩区,神奈川県
747,14136,川崎市宮前区,神奈川県
748,14137,川崎市麻生区,神奈川県
749,14151,相模原市緑区,神奈川県
750,14152,相模原市中央区,神奈川県
751,14153,相模原市南区,神奈川県
752,14201,横須賀市,神奈川県
753,14203,平塚市,神奈川県
754,14204,鎌倉市,神奈川県
755,14205,藤沢市,神奈川県
756,14206,小田原市,神奈川県
757,14207,茅ヶ崎市,神奈川県
758,14208,逗子市,神奈川県
759,14210,三浦市,神奈川県
760,14211,秦野市,神奈川県
761,14212,厚木市,神奈川県
762,14213,大和市,神奈川県
763,14214,伊勢原市,神奈川県
764,14215,海老名市,神奈川県
765,14216,座間市,神奈川県
766,14217,南足柄市,神奈川県
767,14218,綾瀬市,神奈川県
768,14301,葉山町,神奈川県
769,14321,寒川町,神奈川県
770,14341,大磯町,神奈川県
771,14342,二宮町,神奈川県
772,14361,中井町,神奈川県
773,14362,大井町,神奈川県
774,14363,松田町,神奈川県
775,14364,山北町,神奈川県
776,14366,開成町,神奈川県
777,14382,箱根町,神奈川県
778,14383,真鶴町,神奈川県
779,14384,湯河原町,神奈川県
780,14401,愛川町,神奈川県
781,14402,清川村,神奈川県
782,15101,新潟市北区,新潟県
783,15102,新潟市東区,新潟県
784,15103,新潟市中央区,新潟県
785,15104,新潟市江南区,新潟県
786,15105,新潟市秋葉区,新潟県
787,15106,新潟市南区,新潟県
788,15107,新潟市西区,新潟県
789,15108,新潟市西蒲区,新潟県
790,15202,長岡市,新潟県
791,15204,三条市,新潟県
792,15205,柏崎市,新潟県
793,15206,新発田市,新潟県
794,15208,小千谷市,新潟県
795,15209,加茂市,新潟県
796,15210,十日町市,新潟県
797,15211,見附市,新潟県
798,15212,村上市,新潟県
799,15213,燕市,新潟県
800,15216,糸魚川市,新潟県
801,15217,妙高市,新潟県
802,15218,五泉市,新潟県
803,15222,上越市,新潟県
804,15223,阿賀野市,新潟県
805,15224,佐渡市,新潟県
806,15225,魚沼市,新潟県
807,15226,南魚沼市,新潟県
808,15227,胎内市,新潟県
809,15307,聖籠町,新潟県
810,15342,弥彦村,新潟県
811,15361,田上町,新潟県
812,15385,阿賀町,新潟県
813,15405,出雲崎町,新潟県
814,15461,湯沢町,新潟県
815,15482,津南町,新潟県
816,15504,刈羽村,新潟県
817,15581,関川村,新潟県
818,15586,粟島浦村,新潟県
819,16201,富山市,富山県
820,16202,高岡市,富山県
821,16204,魚津市,富山県
822,16205,氷見市,富山県
823,16206,滑川市,富山県
824,16207,黒部市,富山県
825,16208,砺波市,富山県
826,16209,小矢部市,富山県
827,16210,南砺市,富山県
828,16211,射水市,富山県
829,16321,舟橋村,富山県
830,16322,上市町,富山県
831,16323,立山町,富山県
832,16342,入善町,富山県
833,16343,朝日町,富山県
834,17201,金沢市,石川県
835,17202,七尾市,石川県
836,17203,小松市,石川県
837,17204,輪島市,石川県
838,17205,珠洲市,石川県
839,17206,加賀市,石川県
840,17207,羽咋市,石川県
841,17209,かほく市,石川県
842,17210,白山市,石川県
843,17211,能美市,石川県
844,17212,野々市市,石川県
845,17324,川北町,石川県
846,17361,津幡町,石川県
847,17365,内灘町,石川県
848,17384,志賀町,石川県
849,17386,宝達志水町,石川県
850,17407,中能登町,石川県
851,17461,穴水町,石川県
852,17463,能登町,石川県
853,18201,福井市,福井県
854,18202,敦賀市,福井県
855,18204,小浜市,福井県
856,18205,大野市,福井県
857,18206,勝山市,福井県
858,18207,鯖江市,福井県
859,18208,あわら市,福井県
860,18209,越前市,福井県
861,18210,坂井市,福井県
862,18322,永平寺町,福井県
863,18382,池田町,福井県
864,18404,南越前町,福井県
865,18423,越前町,福井県
866,18442,美浜町,福井県
867,18481,高浜町,福井県
868,18483,おおい町,福井県
869,18501,若狭町,福井県
870,19201,甲府市,山梨県
871,19202,富士吉田市,山梨県
872,19204,都留市,山梨県
873,19205,山梨市,山梨県
874,19206,大月市,山梨県
875,19207,韮崎市,山梨県
876,19208,南アルプス市,山梨県
877,19209,北杜市,山梨県
878,19210,甲斐市,山梨県
879,19211,笛吹市,山梨県
880,19212,上野原市,山梨県
881,19213,甲州市,山梨県
882,19214,中央市,山梨県
883,19346,市川三郷町,山梨県
884,19364,早川町,山梨県
885,19365,身延町,山梨県
886,19366,南部町,山梨県
887,19368,富士川町,山梨県
888,19384,昭和町,山梨県
889,19422,道志村,山梨県
890,19423,西桂町,山梨県
891,19424,忍野村,山梨県
892,19425,山中湖村,山梨県
893,19429,鳴沢村,山梨県
894,19430,富士河口湖町,山梨県
895,19442,小菅村,山梨県
896,19443,丹波山村,山梨県
897,20201,長野市,長野県
898,20202,松本市,長野県
899,20203,上田市,長野県
900,20204,岡谷市,長野県
901,20205,飯田市,長野県
902,20206,諏訪市,長野県
903,20207,須坂市,長野県
904,20208,小諸市,長野県
905,20209,伊那市,長野県
906,20210,駒ヶ根市,長野県
907,20211,中野市,長野県
908,20212,大町市,長野県
909,20213,飯山市,長野県
910,20214,茅野市,長野県
911,20215,塩尻市,長野県
912,20217,佐久市,長野県
913,20218,千曲市,長野県
914,20219,東御市,長野県
915,20220,安曇野市,長野県
916,20303,小海町,長野県
917,20304,川上村,長野県
918,20305,南牧村,長野県
919,20306,南相木村,長野県
920,20307,北相木村,長野県
921,20309,佐久穂町,長野県
922,20321,軽井沢町,長野県
923,20323,御代田町,長野県
924,20324,立科町,長野県
925,20349,青木村,長野県
926,20350,長和町,長野県
927,20361,下諏訪町,長野県
928,20362,富士見町,長野県
929,20363,原村,長野県
930,20382,辰野町,長野県
931,20383,箕輪町,長野県
932,20384,飯島町,長野県
933,20385,南箕輪村,長野県
934,20386,中川村,長野県
935,20388,宮田村,長野県
936,20402,松川町,長野県
937,20403,高森町,長野県
938,20404,阿南町,長野県
939,20407,阿智村,長野県
940,20409,平谷村,長野県
941,20410,根羽村,長野県
942,20411,下條村,長野県
943,20412,売木村,長野県
944,20413,天龍村,長野県
945,20414,泰阜村,長野県
946,20415,喬木村,長野県
947,20416,豊丘村,長野県
948,20417,大鹿村,長野県
949,20422,上松町,長野県
950,20423,南木曽町,長野県
951,20425,木祖村,長野県
952,20429,王滝村,長野県
953,20430,大桑村,長野県
954,20432,木曽町,長野県
955,20446,麻績村,長野県
956,20448,生坂村,長野県
957,20450,山形村,長野県
958,20451,朝日村,長野県
959,20452,筑北村,長野県
960,20481,池田町,長野県
961,20482,松川村,長野県
962,20485,白馬村,長野県
963,20486,小谷村,長野県
964,20521,坂城町,長野県
965,20541,小布施町,長野県
966,20543,高山村,長野県
967,20561,山ノ内町,長野県
968,20562,木島平村,長野県
969,20563,野沢温泉村,長野県
970,20583,信濃町,長野県
971,20588,小川村,長野県
972,20590,飯綱町,長野県
973,20602,栄村,長野県
974,21201,岐阜市,岐阜県
975,21202,大垣市,岐阜県
976,21203,高山市,岐阜県
977,21204,多治見市,岐阜県
978,21205,関市,岐阜県
979,21206,中津川市,岐阜県
980,21207,美濃市,岐阜県
981,21208,瑞浪市,岐阜県
982,21209,羽島市,岐阜県
983,21210,恵那市,岐阜県
984,21211,美濃加茂市,岐阜県
985,21212,土岐市,岐阜県
986,21213,各務原市,岐阜県
987,21214,可児市,岐阜県
988,21215,山県市,岐阜県
989,21216,瑞穂市,岐阜県
990,21217,飛騨市,岐阜県
991,21218,本巣市,岐阜県
992,21219,郡上市,岐阜県
993,21220,下呂市,岐阜県
994,21221,海津市,岐阜県
995,21302,岐南町,岐阜県
996,21303,笠松町,岐阜県
997,21341,養老町,岐阜県
998,21361,垂井町,岐阜県
999,21362,関ケ原町,岐阜県
1000,21381,神戸町,岐阜県
1001,21382,輪之内町,岐阜県
1002,21383,安八町,岐阜県
1003,21401,揖斐川町,岐阜県
1004,21403,大野町,岐阜県
1005,21404,池田町,岐阜県
1006,21421,北方町,岐阜県
1007,21501,坂祝町,岐阜県
1008,21502,富加町,岐阜県
1009,21503,川辺町,岐阜県
1010,21504,七宗町,岐阜県
1011,21505,八百津町,岐阜県
1012,21506,白川町,岐阜県
1013,21507,東白川村,岐阜県
1014,21521,御嵩町,岐阜県
1015,21604,白川村,岐阜県
1016,22101,静岡市葵区,静岡県
1017,22102,静岡市駿河区,静岡県
1018,22103,静岡市清水区,静岡県
1019,22138,浜松市中央区,静岡県
1020,22139,浜松市浜名区,静岡県
1021,22140,浜松市天竜区,静岡県
1022,22203,沼津市,静岡県
1023,22205,熱海市,静岡県
1024,22206,三島市,静岡県
1025,22207,富士宮市,静岡県
1026,22208,伊東市,静岡県
1027,22209,島田市,静岡県
1028,22210,富士市,静岡県
1029,22211,磐田市,静岡県
1030,22212,焼津市,静岡県
1031,22213,掛川市,静岡県
1032,22214,藤枝市,静岡県
1033,22215,御殿場市,静岡県
1034,22216,袋井市,静岡県
1035,22219,下田市,静岡県
1036,22220,裾野市,静岡県
1037,22221,湖西市,静岡県
1038,22222,伊豆市,静岡県
1039,22223,御前崎市,静岡県
1040,22224,菊川市,静岡県
1041,22225,伊豆の国市,静岡県
1042,22226,牧之原市,静岡県
1043,22301,東伊豆町,静岡県
1044,22302,河津町,静岡県
1045,22304,南伊豆町,静岡県
1046,22305,松崎町,静岡県
1047,22306,西伊豆町,静岡県
1048,22325,函南町,静岡県
1049,22341,清水町,静岡県
1050,22342,長泉町,静岡県
1051,22344,小山町,静岡県
1052,22424,吉田町,静岡県
1053,22429,川根本町,静岡県
1054,22461,森町,静岡県
1055,23000,所属未定地,愛知県
1056,23101,名古屋市千種区,愛知県
1057,23102,名古屋市東区,愛知県
1058,23103,名古屋市北区,愛知県
1059,23104,名古屋市西区,愛知県
1060,23105,名古屋市中村区,愛知県
1061,23106,名古屋市中区,愛知県
1062,23107,名古屋市昭和区,愛知県
1063,23108,名古屋市瑞穂区,愛知県
1064,23109,名古屋市熱田区,愛知県
1065,23110,名古屋市中川区,愛知県
1066,23111,名古屋市港区,愛知県
1067,23112,名古屋市南区,愛知県
1068,23113,名古屋市守山区,愛知県
1069,23114,名古屋市緑区,愛知県
1070,23115,名古屋市名東区,愛知県
1071,23116,名古屋市天白区,愛知県
1072,23201,豊橋市,愛知県
1073,23202,岡崎市,愛知県
1074,23203,一宮市,愛知県
1075,23204,瀬戸市,愛知県
1076,23205,半田市,愛知県
1077,23206,春日井市,愛知県
1078,23207,豊川市,愛知県
1079,23208,津島市,愛知県
1080,23209,碧南市,愛知県
1081,23210,刈谷市,愛知県
1082,23211,豊田市,愛知県
1083,23212,安城市,愛知県
1084,23213,西尾市,愛知県
1085,23214,蒲郡市,愛知県
1086,23215,犬山市,愛知県
1087,23216,常滑市,愛知県
1088,23217,江南市,愛知県
1089,23219,小牧市,愛知県
1090,23220,稲沢市,愛知県
1091,23221,新城市,愛知県
1092,23222,東海市,愛知県
1093,23223,大府市,愛知県
1094,23224,知多市,愛知県
1095,23225,知立市,愛知県
1096,23226,尾張旭市,愛知県
1097,23227,高浜市,愛知県
1098,23228,岩倉市,愛知県
1099,23229,豊明市,愛知県
1100,23230,日進市,愛知県
1101,23231,田原市,愛知県
1102,23232,愛西市,愛知県
1103,23233,清須市,愛知県
1104,23234,北名古屋市,愛知県
1105,23235,弥富市,愛知県
1106,23236,みよし市,愛知県
1107,23237,あま市,愛知県
1108,23238,長久手市,愛知県
1109,23302,東郷町,愛知県
1110,23342,豊山町,愛知県
1111,23361,大口町,愛知県
1112,23362,扶桑町,愛知県
1113,23424,大治町,愛知県
1114,23425,蟹江町,愛知県
1115,23427,飛島村,愛知県
1116,23441,阿久比町,愛知県
1117,23442,東浦町,愛知県
1118,23445,南知多町,愛知県
1119,23446,美浜町,愛知県
1120,23447,武豊町,愛知県
1121,23501,幸田町,愛知県
1122,23561,設楽町,愛知県
1123,23562,東栄町,愛知県
1124,23563,豊根村,愛知県
1125,24201,津市,三重県
1126,24202,四日市市,三重県
1127,24203,伊勢市,三重県
1128,24204,松阪市,三重県
1129,24205,桑名市,三重県
1130,24207,鈴鹿市,三重県
1131,24208,名張市,三重県
1132,24209,尾鷲市,三重県
1133,24210,亀山市,三重県
1134,24211,鳥羽市,三重県
1135,24212,熊野市,三重県
1136,24214,いなべ市,三重県
1137,24215,志摩市,三重県
1138,24216,伊賀市,三重県
1139,24303,木曽岬町,三重県
1140,24324,東員町,三重県
1141,24341,菰野町,三重県
1142,24343,朝日町,三重県
1143,24344,川越町,三重県
1144,24441,多気町,三重県
1145,24442,明和町,三重県
1146,24443,大台町,三重県
1147,24461,玉城町,三重県
1148,24470,度会町,三重県
1149,24471,大紀町,三重県
1150,24472,南伊勢町,三重県
1151,24543,紀北町,三重県
1152,24561,御浜町,三重県
1153,24562,紀宝町,三重県
1154,25201,大津市,滋賀県
1155,25202,彦根市,滋賀県
1156,25203,長浜市,滋賀県
1157,25204,近江八幡市,滋賀県
1158,25206,草津市,滋賀県
1159,25207,守山市,滋賀県
1160,25208,栗東市,滋賀県
1161,25209,甲賀市,滋賀県
1162,25210,野洲市,滋賀県
1163,25211,湖南市,滋賀県
1164,25212,高島市,滋賀県
1165,25213,東近江市,滋賀県
1166,25214,米原市,滋賀県
1167,25383,日野町,滋賀県
1168,25384,竜王町,滋賀県
1169,25425,愛荘町,滋賀県
1170,25441,豊郷町,滋賀県
1171,25442,甲良町,滋賀県
1172,25443,多賀町,滋賀県
1173,26101,京都市北区,京都府
1174,26102,京都市上京区,京都府
1175,26103,京都市左京区,京都府
1176,26104,京都市中京区,京都府
1177,26105,京都市東山区,京都府
1178,26106,京都市下京区,京都府
1179,26107,京都市南区,京都府
1180,26108,京都市右京区,京都府
1181,26109,京都市伏見区,京都府
1182,26110,京都市山科区,京都府
1183,26111,京都市西京区,京都府
1184,26201,福知山市,京都府
1185,26202,舞鶴市,京都府
1186,26203,綾部市,京都府
1187,26204,宇治市,京都府
1188,26205,宮津市,京都府
1189,26206,亀岡市,京都府
1190,26207,城陽市,京都府
1191,26208,向日市,京都府
1192,26209,長岡京市,京都府
1193,26210,八幡市,京都府
1194,26211,京田辺市,京都府
1195,26212,京丹後市,京都府
1196,26213,南丹市,京都府
1197,26214,木津川市,京都府
1198,26303,大山崎町,京都府
1199,26322,久御山町,京都府
1200,26343,井手町,京都府
1201,26344,宇治田原町,京都府
1202,26364,笠置町,京都府
1203,26365,和束町,京都府
1204,26366,精華町,京都府
1205,26367,南山城村,京都府
1206,26407,京丹波町,京都府
1207,26463,伊根町,京都府
1208,26465,与謝野町,京都府
1209,27102,大阪市都島区,大阪府
1210,27103,大阪市福島区,大阪府
1211,27104,大阪市此花区,大阪府
1212,27106,大阪市西区,大阪府
1213,27107,大阪市港区,大阪府
1214,27108,大阪市大正区,大阪府
1215,27109,大阪市天王寺区,大阪府
1216,27111,大阪市浪速区,大阪府
1217,27113,大阪市西淀川区,大阪府
1218,27114,大阪市東淀川区,大阪府
1219,27115,大阪市東成区,大阪府
1220,27116,大阪市生野区,大阪府
1221,27117,大阪市旭区,大阪府
1222,27118,大阪市城東区,大阪府
1223,27119,大阪市阿倍野区,大阪府
1224,27120,大阪市住吉区,大阪府
1225,27121,大阪市東住吉区,大阪府
1226,27122,大阪市西成区,大阪府
1227,27123,大阪市淀川区,大阪府
1228,27124,大阪市鶴見区,大阪府
1229,27125,大阪市住之江区,大阪府
1230,27126,大阪市平野区,大阪府
1231,27127,大阪市北区,大阪府
1232,27128,大阪市中央区,大阪府
1233,27141,堺市堺区,大阪府
1234,27142,堺市中区,大阪府
1235,27143,堺市東区,大阪府
1236,27144,堺市西区,大阪府
1237,27145,堺市南区,大阪府
1238,27146,堺市北区,大阪府
1239,27147,堺市美原区,大阪府
1240,27202,岸和田市,大阪府
1241,27203,豊中市,大阪府
1242,27204,池田市,大阪府
1243,27205,吹田市,大阪府
1244,27206,泉大津市,大阪府
1245,27207,高槻市,大阪府
1246,27208,貝塚市,大阪府
1247,27209,守口市,大阪府
1248,27210,枚方市,大阪府
1249,27211,茨木市,大阪府
1250,27212,八尾市,大阪府
1251,27213,泉佐野市,大阪府
1252,27214,富田林市,大阪府
1253,27215,寝屋川市,大阪府
1254,27216,河内長野市,大阪府
1255,27217,松原市,大阪府
1256,27218,大東市,大阪府
1257,27219,和泉市,大阪府
1258,27220,箕面市,大阪府
1259,27221,柏原市,大阪府
1260,27222,羽曳野市,大阪府
1261,27223,門真市,大阪府
1262,27224,摂津市,大阪府
1263,27225,高石市,大阪府
1264,27226,藤井寺市,大阪府
1265,27227,東大阪市,大阪府
1266,27228,泉南市,大阪府
1267,27229,四條畷市,大阪府
1268,27230,交野市,大阪府
1269,27231,大阪狭山市,大阪府
1270,27232,阪南市,大阪府
1271,27301,島本町,大阪府
1272,27321,豊能町,大阪府
1273,27322,能勢町,大阪府
1274,27341,忠岡町,大阪府
1275,27361,熊取町,大阪府
1276,27362,田尻町,大阪府
1277,27366,岬町,大阪府
1278,27381,太子町,大阪府
1279,27382,河南町,大阪府
1280,27383,千早赤阪村,大阪府
1281,28101,神戸市東灘区,兵庫県
1282,28102,神戸市灘区,兵庫県
1283,28105,神戸市兵庫区,兵庫県
1284,28106,神戸市長田区,兵庫県
1285,28107,神戸市須磨区,兵庫県
1286,28108,神戸市垂水区,兵庫県
1287,28109,神戸市北区,兵庫県
1288,28110,神戸市中央区,兵庫県
1289,28111,神戸市西区,兵庫県
1290,28201,姫路市,兵庫県
1291,28202,尼崎市,兵庫県
1292,28203,明石市,兵庫県
1293,28204,西宮市,兵庫県
1294,28205,洲本市,兵庫県
1295,28206,芦屋市,兵庫県
1296,28207,伊丹市,兵庫県
1297,28208,相生市,兵庫県
1298,28209,豊岡市,兵庫県
1299,28210,加古川市,兵庫県
1300,28212,赤穂市,兵庫県
1301,28213,西脇市,兵庫県
1302,28214,宝塚市,兵庫県
1303,28215,三木市,兵庫県
1304,28216,高砂市,兵庫県
1305,28217,川西市,兵庫県
1306,28218,小野市,兵庫県
1307,28219,三田市,兵庫県
1308,28220,加西市,兵庫県
1309,28221,丹波篠山市,兵庫県
1310,28222,養父市,兵庫県
1311,28223,丹波市,兵庫県
1312,28224,南あわじ市,兵庫県
1313,28225,朝来市,兵庫県
1314,28226,淡路市,兵庫県
1315,28227,宍粟市,兵庫県
1316,28228,加東市,兵庫県
1317,28229,たつの市,兵庫県
1318,28301,猪名川町,兵庫県
1319,28365,多可町,兵庫県
1320,28381,稲美町,兵庫県
1321,28382,播磨町,兵庫県
1322,28442,市川町,兵庫県
1323,28443,福崎町,兵庫県
1324,28446,神河町,兵庫県
1325,28464,太子町,兵庫県
1326,28481,上郡町,兵庫県
1327,28501,佐用町,兵庫県
1328,28585,香美町,兵庫県
1329,28586,新温泉町,兵庫県
1330,29201,奈良市,奈良県
1331,29202,大和高田市,奈良県
1332,29203,大和郡山市,奈良県
1333,29204,天理市,奈良県
1334,29205,橿原市,奈良県
1335,29206,桜井市,奈良県
1336,29207,五條市,奈良県
1337,29208,御所市,奈良県
1338,29209,生駒市,奈良県
1339,29210,香芝市,奈良県
1340,29211,葛城市,奈良県
1341,29212,宇陀市,奈良県
1342,29322,山添村,奈良県
1343,29342,平群町,奈良県
1344,29343,三郷町,奈良県
1345,29344,斑鳩町,奈良県
1346,29345,安堵町,奈良県
1347,29361,川西町,奈良県
1348,29362,三宅町,奈良県
1349,29363,田原本町,奈良県
1350,29385,曽爾村,奈良県
1351,29386,御杖村,奈良県
1352,29401,高取町,奈良県
1353,29402,明日香村,奈良県
1354,29424,上牧町,奈良県
1355,29425,王寺町,奈良県
1356,29426,広陵町,奈良県
1357,29427,河合町,奈良県
1358,29441,吉野町,奈良県
1359,29442,大淀町,奈良県
1360,29443,下市町,奈良県
1361,29444,黒滝村,奈良県
1362,29446,天川村,奈良県
1363,29447,野迫川村,奈良県
1364,29449,十津川村,奈良県
1365,29450,下北山村,奈良県
1366,29451,上北山村,奈良県
1367,29452,川上村,奈良県
1368,29453,東吉野村,奈良県
1369,30000,所属未定地,和歌山県
1370,30201,和歌山市,和歌山県
1371,30202,海南市,和歌山県
1372,30203,橋本市,和歌山県
1373,30204,有田市,和歌山県
1374,30205,御坊市,和歌山県
1375,30206,田辺市,和歌山県
1376,30207,新宮市,和歌山県
1377,30208,紀の川市,和歌山県
1378,30209,岩出市,和歌山県
1379,30304,紀美野町,和歌山県
1380,30341,かつらぎ町,和歌山県
1381,30343,九度山町,和歌山県
1382,30344,高野町,和歌山県
1383,30361,湯浅町,和歌山県
1384,30362,広川町,和歌山県
1385,30366,有田川町,和歌山県
1386,30381,美浜町,和歌山県
1387,30382,日高町,和歌山県
1388,30383,由良町,和歌山県
1389,30390,印南町,和歌山県
1390,30391,みなべ町,和歌山県
1391,30392,日高川町,和歌山県
1392,30401,白浜町,和歌山県
1393,30404,上富田町,和歌山県
1394,30406,すさみ町,和歌山県
1395,30421,那智勝浦町,和歌山県
1396,30422,太地町,和歌山県
1397,30424,古座川町,和歌山県
1398,30427,北山村,和歌山県
1399,30428,串本町,和歌山県
1400,31201,鳥取市,鳥取県
1401,31202,米子市,鳥取県
1402,31203,倉吉市,鳥取県
1403,31204,境港市,鳥取県
1404,31302,岩美町,鳥取県
1405,31325,若桜町,鳥取県
1406,31328,智頭町,鳥取県
1407,31329,八頭町,鳥取県
1408,31364,三朝町,鳥取県
1409,31370,湯梨浜町,鳥取県
1410,31371,琴浦町,鳥取県
1411,31372,北栄町,鳥取県
1412,31384,日吉津村,鳥取県
1413,31386,大山町,鳥取県
1414,31389,南部町,鳥取県
1415,31390,伯耆町,鳥取県
1416,31401,日南町,鳥取県
1417,31402,日野町,鳥取県
1418,31403,江府町,鳥取県
1419,32201,松江市,島根県
1420,32202,浜田市,島根県
1421,32203,出雲市,島根県
1422,32204,益田市,島根県
1423,32205,大田市,島根県
1424,32206,安来市,島根県
1425,32207,江津市,島根県
1426,32209,雲南市,島根県
1427,32343,奥出雲町,島根県
1428,32386,飯南町,島根県
1429,32441,川本町,島根県
1430,32448,美郷町,島根県
1431,32449,邑南町,島根県
1432,32501,津和野町,島根県
1433,32505,吉賀町,島根県
1434,32525,海士町,島根県
1435,32526,西ノ島町,島根県
1436,32527,知夫村,島根県
1437,32528,隠岐の島町,島根県
1438,33101,岡山市北区,岡山県
1439,33102,岡山市中区,岡山県
1440,33103,岡山市東区,岡山県
1441,33104,岡山市南区,岡山県
1442,33202,倉敷市,岡山県
1443,33203,津山市,岡山県
1444,33204,玉野市,岡山県
1445,33205,笠岡市,岡山県
1446,33207,井原市,岡山県
1447,33208,総社市,岡山県
1448,33209,高梁市,岡山県
1449,33210,新見市,岡山県
1450,33211,備前市,岡山県
1451,33212,瀬戸内市,岡山県
1452,33213,赤磐市,岡山県
1453,33214,真庭市,岡山県
1454,33215,美作市,岡山県
1455,33216,浅口市,岡山県
1456,33346,和気町,岡山県
1457,33423,早島町,岡山県
1458,33445,里庄町,岡山県
1459,33461,矢掛町,岡山県
1460,33586,新庄村,岡山県
1461,33606,鏡野町,岡山県
1462,33622,勝央町,岡山県
1463,33623,奈義町,岡山県
1464,33643,西粟倉村,岡山県
1465,33663,久米南町,岡山県
1466,33666,美咲町,岡山県
1467,33681,吉備中央町,岡山県
1468,34101,広島市中区,広島県
1469,34102,広島市東区,広島県
1470,34103,広島市南区,広島県
1471,34104,広島市西区,広島県
1472,34105,広島市安佐南区,広島県
1473,34106,広島市安佐北区,広島県
1474,34107,広島市安芸区,広島県
1475,34108,広島市佐伯区,広島県
1476,34202,呉市,広島県
1477,34203,竹原市,広島県
1478,34204,三原市,広島県
1479,34205,尾道市,広島県
1480,34207,福山市,広島県
1481,34208,府中市,広島県
1482,34209,三次市,広島県
1483,34210,庄原市,広島県
1484,34211,大竹市,広島県
1485,34212,東広島市,広島県
1486,34213,廿日市市,広島県
1487,34214,安芸高田市,広島県
1488,34215,江田島市,広島県
1489,34302,府中町,広島県
1490,34304,海田町,広島県
1491,34307,熊野町,広島県
1492,34309,坂町,広島県
1493,34368,安芸太田町,広島県
1494,34369,北広島町,広島県
1495,34431,大崎上島町,広島県
1496,34462,世羅町,広島県
1497,34545,神石高原町,広島県
1498,35201,下関市,山口県
1499,35202,宇部市,山口県
1500,35203,山口市,山口県
1501,35204,萩市,山口県
1502,35206,防府市,山口県
1503,35207,下松市,山口県
1504,35208,岩国市,山口県
1505,35210,光市,山口県
1506,35211,長門市,山口県
1507,35212,柳井市,山口県
1508,35213,美祢市,山口県
1509,35215,周南市,山口県
1510,35216,山陽小野田市,山口県
1511,35305,周防大島町,山口県
1512,35321,和木町,山口県
1513,35341,上関町,山口県
1514,35343,田布施町,山口県
1515,35344,平生町,山口県
1516,35502,阿武町,山口県
1517,36201,徳島市,徳島県
1518,36202,鳴門市,徳島県
1519,36203,小松島市,徳島県
1520,36204,阿南市,徳島県
1521,36205,吉野川市,徳島県
1522,36206,阿波市,徳島県
1523,36207,美馬市,徳島県
1524,36208,三好市,徳島県
1525,36301,勝浦町,徳島県
1526,36302,上勝町,徳島県
1527,36321,佐那河内村,徳島県
1528,36341,石井町,徳島県
1529,36342,神山町,徳島県
1530,36368,那賀町,徳島県
1531,36383,牟岐町,徳島県
1532,36387,美波町,徳島県
1533,36388,海陽町,徳島県
1534,36401,松茂町,徳島県
1535,36402,北島町,徳島県
1536,36403,藍住町,徳島県
1537,36404,板野町,徳島県
1538,36405,上板町,徳島県
1539,36468,つるぎ町,徳島県
1540,36489,東みよし町,徳島県
1541,37201,高松市,香川県
1542,37202,丸亀市,香川県
1543,37203,坂出市,香川県
1544,37204,善通寺市,香川県
1545,37205,観音寺市,香川県
1546,37206,さぬき市,香川県
1547,37207,東かがわ市,香川県
1548,37208,三豊市,香川県
1549,37322,土庄町,香川県
1550,37324,小豆島町,香川県
1551,37341,三木町,香川県
1552,37364,直島町,香川県
1553,37386,宇多津町,香川県
1554,37387,綾川町,香川県
1555,37403,琴平町,香川県
1556,37404,多度津町,香川県
1557,37406,まんのう町,香川県
1558,38201,松山市,愛媛県
1559,38202,今治市,愛媛県
1560,38203,宇和島市,愛媛県
1561,38204,八幡浜市,愛媛県
1562,38205,新居浜市,愛媛県
1563,38206,西条市,愛媛県
1564,38207,大洲市,愛媛県
1565,38210,伊予市,愛媛県
1566,38213,四国中央市,愛媛県
1567,38214,西予市,愛媛県
1568,38215,東温市,愛媛県
1569,38356,上島町,愛媛県
1570,38386,久万高原町,愛媛県
1571,38401,松前町,愛媛県
1572,38402,砥部町,愛媛県
1573,38422,内子町,愛媛県
1574,38442,伊方町,愛媛県
1575,38484,松野町,愛媛県
1576,38488,鬼北町,愛媛県
1577,38506,愛南町,愛媛県
1578,39201,高知市,高知県
1579,39202,室戸市,高知県
1580,39203,安芸市,高知県
1581,39204,南国市,高知県
1582,39205,土佐市,高知県
1583,39206,須崎市,高知県
1584,39208,宿毛市,高知県
1585,39209,土佐清水市,高知県
1586,39210,四万十市,高知県
1587,39211,香南市,高知県
1588,39212,香美市,高知県
1589,39301,東洋町,高知県
1590,39302,奈半利町,高知県
1591,39303,田野町,高知県
1592,39304,安田町,高知県
1593,39305,北川村,高知県
1594,39306,馬路村,高知県
1595,39307,芸西村,高知県
1596,39341,本山町,高知県
1597,39344,大豊町,高知県
1598,39363,土佐町,高知県
1599,39364,大川村,高知県
1600,39386,いの町,高知県
1601,39387,仁淀川町,高知県
1602,39401,中土佐町,高知県
1603,39402,佐川町,高知県
1604,39403,越知町,高知県
1605,39405,檮原町,高知県
1606,39410,日高村,高知県
1607,39411,津野町,高知県
1608,39412,四万十町,高知県
1609,39424,大月町,高知県
1610,39427,三原村,高知県
1611,39428,黒潮町,高知県
1612,40000,所属未定地,福岡県
1613,40101,北九州市門司区,福岡県
1614,40103,北九州市若松区,福岡県
1615,40105,北九州市戸畑区,福岡県
1616,40106,北九州市小倉北区,福岡県
1617,40107,北九州市小倉南区,福岡県
1618,40108,北九州市八幡東区,福岡県
1619,40109,北九州市八幡西区,福岡県
1620,40131,福岡市東区,福岡県
1621,40132,福岡市博多区,福岡県
1622,40133,福岡市中央区,福岡県
1623,40134,福岡市南区,福岡県
1624,40135,福岡市西区,福岡県
1625,40136,福岡市城南区,福岡県
1626,40137,福岡市早良区,福岡県
1627,40202,大牟田市,福岡県
1628,40203,久留米市,福岡県
1629,40204,直方市,福岡県
1630,40205,飯塚市,福岡県
1631,40206,田川市,福岡県
1632,40207,柳川市,福岡県
1633,40210,八女市,福岡県
1634,40211,筑後市,福岡県
1635,40212,大川市,福岡県
1636,40213,行橋市,福岡県
1637,40214,豊前市,福岡県
1638,40215,中間市,福岡県
1639,40216,小郡市,福岡県
1640,40217,筑紫野市,福岡県
1641,40218,春日市,福岡県
1642,40219,大野城市,福岡県
1643,40220,宗像市,福岡県
1644,40221,太宰府市,福岡県
1645,40223,古賀市,福岡県
1646,40224,福津市,福岡県
1647,40225,うきは市,福岡県
1648,40226,宮若市,福岡県
1649,40227,嘉麻市,福岡県
1650,40228,朝倉市,福岡県
1651,40229,みやま市,福岡県
1652,40230,糸島市,福岡県
1653,40231,那珂川市,福岡県
1654,40341,宇美町,福岡県
1655,40342,篠栗町,福岡県
1656,40343,志免町,福岡県
1657,40344,須恵町,福岡県
1658,40345,新宮町,福岡県
1659,40348,久山町,福岡県
1660,40349,粕屋町,福岡県
1661,40381,芦屋町,福岡県
1662,40382,水巻町,福岡県
1663,40383,岡垣町,福岡県
1664,40384,遠賀町,福岡県
1665,40401,小竹町,福岡県
1666,40402,鞍手町,福岡県
1667,40421,桂川町,福岡県
1668,40447,筑前町,福岡県
1669,40448,東峰村,福岡県
1670,40503,大刀洗町,福岡県
1671,40522,大木町,福岡県
1672,40544,広川町,福岡県
1673,40601,香春町,福岡県
1674,40602,添田町,福岡県
1675,40604,糸田町,福岡県
1676,40605,川崎町,福岡県
1677,40608,大任町,福岡県
1678,40609,赤村,福岡県
1679,40610,福智町,福岡県
1680,40621,苅田町,福岡県
1681,40625,みやこ町,福岡県
1682,40642,吉富町,福岡県
1683,40646,上毛町,福岡県
1684,40647,築上町,福岡県
1685,41201,佐賀市,佐賀県
1686,41202,唐津市,佐賀県
1687,41203,鳥栖市,佐賀県
1688,41204,多久市,佐賀県
1689,41205,伊万里市,佐賀県
1690,41206,武雄市,佐賀県
1691,41207,鹿島市,佐賀県
1692,41208,小城市,佐賀県
1693,41209,嬉野市,佐賀県
1694,41210,神埼市,佐賀県
1695,41327,吉野ヶ里町,佐賀県
1696,41341,基山町,佐賀県
1697,41345,上峰町,佐賀県
1698,41346,みやき町,佐賀県
1699,41387,玄海町,佐賀県
1700,41401,有田町,佐賀県
1701,41423,大町町,佐賀県
1702,41424,江北町,佐賀県
1703,41425,白石町,佐賀県
1704,41441,太良町,佐賀県
1705,42201,長崎市,長崎県
1706,42202,佐世保市,長崎県
1707,42203,島原市,長崎県
1708,42204,諫早市,長崎県
1709,42205,大村市,長崎県
1710,42207,平戸市,長崎県
1711,42208,松浦市,長崎県
1712,42209,対馬市,長崎県
1713,42210,壱岐市,長崎県
1714,42211,五島市,長崎県
1715,42212,西海市,長崎県
1716,42213,雲仙市,長崎県
1717,42214,南島原市,長崎県
1718,42307,長与町,長崎県
1719,42308,時津町,長崎県
1720,42321,東彼杵町,長崎県
1721,42322,川棚町,長崎県
1722,42323,波佐見町,長崎県
1723,42383,小値賀町,長崎県
1724,42391,佐々町,長崎県
1725,42411,新上五島町,長崎県
1726,43101,熊本市中央区,熊本県
1727,43102,熊本市東区,熊本県
1728,43103,熊本市西区,熊本県
1729,43104,熊本市南区,熊本県
1730,43105,熊本市北区,熊本県
1731,43202,八代市,熊本県
1732,43203,人吉市,熊本県
1733,43204,荒尾市,熊本県
1734,43205,水俣市,熊本県
1735,43206,玉名市,熊本県
1736,43208,山鹿市,熊本県
1737,43210,菊池市,熊本県
1738,43211,宇土市,熊本県
1739,43212,上天草市,熊本県
1740,43213,宇城市,熊本県
1741,43214,阿蘇市,熊本県
1742,43215,天草市,熊本県
1743,43216,合志市,熊本県
1744,43348,美里町,熊本県
1745,43364,玉東町,熊本県
1746,43367,南関町,熊本県
1747,43368,長洲町,熊本県
1748,43369,和水町,熊本県
1749,43403,大津町,熊本県
1750,43404,菊陽町,熊本県
1751,43423,南小国町,熊本県
1752,43424,小国町,熊本県
1753,43425,産山村,熊本県
1754,43428,高森町,熊本県
1755,43432,西原村,熊本県
1756,43433,南阿蘇村,熊本県
1757,43441,御船町,熊本県
1758,43442,嘉島町,熊本県
1759,43443,益城町,熊本県
1760,43444,甲佐町,熊本県
1761,43447,山都町,熊本県
1762,43468,氷川町,熊本県
1763,43482,芦北町,熊本県
1764,43484,津奈木町,熊本県
1765,43501,錦町,熊本県
1766,43505,多良木町,熊本県
1767,43506,湯前町,熊本県
1768,43507,水上村,熊本県
1769,43510,相良村,熊本県
1770,43511,五木村,熊本県
1771,43512,山江村,熊本県
1772,43513,球磨村,熊本県
1773,43514,あさぎり町,熊本県
1774,43531,苓北町,熊本県
1775,44201,大分市,大分県
1776,44202,別府市,大分県
1777,44203,中津市,大分県
1778,44204,日田市,大分県
1779,44205,佐伯市,大分県
1780,44206,臼杵市,大分県
1781,44207,津久見市,大分県
1782,44208,竹田市,大分県
1783,44209,豊後高田市,大分県
1784,44210,杵築市,大分県
1785,44211,宇佐市,大分県
1786,44212,豊後大野市,大分県
1787,44213,由布市,大分県
1788,44214,国東市,大分県
1789,44322,姫島村,大分県
1790,44341,日出町,大分県
1791,44461,九重町,大分県
1792,44462,玖珠町,大分県
1793,45201,宮崎市,宮崎県
1794,45202,都城市,宮崎県
1795,45203,延岡市,宮崎県
1796,45204,日南市,宮崎県
1797,45205,小林市,宮崎県
1798,45206,日向市,宮崎県
1799,45207,串間市,宮崎県
1800,45208,西都市,宮崎県
1801,45209,えびの市,宮崎県
1802,45341,三股町,宮崎県
1803,45361,高原町,宮崎県
1804,45382,国富町,宮崎県
1805,45383,綾町,宮崎県
1806,45401,高鍋町,宮崎県
1807,45402,新富町,宮崎県
1808,45403,西米良村,宮崎県
1809,45404,木城町,宮崎県
1810,45405,川南町,宮崎県
1811,45406,都農町,宮崎県
1812,45421,門川町,宮崎県
1813,45429,諸塚村,宮崎県
1814,45430,椎葉村,宮崎県
1815,45431,美郷町,宮崎県
1816,45441,高千穂町,宮崎県
1817,45442,日之影町,宮崎県
1818,45443,五ヶ瀬町,宮崎県
1819,46000,所属未定地,鹿児島県
1820,46201,鹿児島市,鹿児島県
1821,46203,鹿屋市,鹿児島県
1822,46204,枕崎市,鹿児島県
1823,46206,阿久根市,鹿児島県
1824,46208,出水市,鹿児島県
1825,46210,指宿市,鹿児島県
1826,46213,西之表市,鹿児島県
1827,46214,垂水市,鹿児島県
1828,46215,薩摩川内市,鹿児島県
1829,46216,日置市,鹿児島県
1830,46217,曽於市,鹿児島県
1831,46218,霧島市,鹿児島県
1832,46219,いちき串木野市,鹿児島県
1833,46220,南さつま市,鹿児島県
1834,46221,志布志市,鹿児島県
1835,46222,奄美市,鹿児島県
1836,46223,南九州市,鹿児島県
1837,46224,伊佐市,鹿児島県
1838,46225,姶良市,鹿児島県
1839,46303,三島村,鹿児島県
1840,46304,十島村,鹿児島県
1841,46392,さつま町,鹿児島県
1842,46404,長島町,鹿児島県
1843,46452,湧水町,鹿児島県
1844,46468,大崎町,鹿児島県
1845,46482,東串良町,鹿児島県
1846,46490,錦江町,鹿児島県
1847,46491,南大隅町,鹿児島県
1848,46492,肝付町,鹿児島県
1849,46501,中種子町,鹿児島県
1850,46502,南種子町,鹿児島県
1851,46505,屋久島町,鹿児島県
1852,46523,大和村,鹿児島県
1853,46524,宇検村,鹿児島県
1854,46525,瀬戸内町,鹿児島県
1855,46527,龍郷町,鹿児島県
1856,46529,喜界町,鹿児島県
1857,46530,徳之島町,鹿児島県
1858,46531,天城町,鹿児島県
1859,46532,伊仙町,鹿児島県
1860,46533,和泊町,鹿児島県
1861,46534,知名町,鹿児島県
1862,46535,与論町,鹿児島県
1863,47000,所属未定地,沖縄県
1864,47201,那覇市,沖縄県
1865,47205,宜野湾市,沖縄県
1866,47207,石垣市,沖縄県
1867,47208,浦添市,沖縄県
1868,47209,名護市,沖縄県
1869,47210,糸満市,沖縄県
1870,47211,沖縄市,沖縄県
1871,47212,豊見城市,沖縄県
1872,47213,うるま市,沖縄県
1873,47214,宮古島市,沖縄県
1874,47215,南城市,沖縄県
1875,47301,国頭村,沖縄県
1876,47302,大宜味村,沖縄県
1877,47303,東村,沖縄県
1878,47306,今帰仁村,沖縄県
1879,47308,本部町,沖縄県
1880,47311,恩納村,沖縄県
1881,47313,宜野座村,沖縄県
1882,47314,金武町,沖縄県
1883,47315,伊江村,沖縄県
1884,47324,読谷村,沖縄県
1885,47325,嘉手納町,沖縄県
1886,47326,北谷町,沖縄県
1887,47327,北中城村,沖縄県
1888,47328,中城村,沖縄県
1889,47329,西原町,沖縄県
1890,47348,与那原町,沖縄県
1891,47350,南風原町,沖縄県
1892,47353,渡嘉敷村,沖縄県
1893,47354,座間味村,沖縄県
1894,47355,粟国村,沖縄県
1895,47356,渡名喜村,沖縄県
1896,47357,南大東村,沖縄県
1897,47358,北大東村,沖縄県
1898,47359,伊平屋村,沖縄県
1899,47360,伊是名村,沖縄県
1900,47361,久米島町,沖縄県
1901,47362,八重瀬町,沖縄県
1902,47375,多良間村,沖縄県
1903,47381,竹富町,沖縄県
1904,47382,与那国町,沖縄県
